<?xml version="1.0" encoding="UTF-8"?>
<w:document xmlns:w="http://schemas.openxmlformats.org/wordprocessingml/2006/main" xmlns:m="http://schemas.openxmlformats.org/officeDocument/2006/math" xmlns:r="http://schemas.openxmlformats.org/officeDocument/2006/relationships" xmlns:o="urn:schemas-microsoft-com:office:office" xmlns:v="urn:schemas-microsoft-com:vml" xmlns:w10="urn:schemas-microsoft-com:office:word" xmlns:a="http://schemas.openxmlformats.org/drawingml/2006/main" xmlns:pic="http://schemas.openxmlformats.org/drawingml/2006/picture" xmlns:wp="http://schemas.openxmlformats.org/drawingml/2006/wordprocessingDrawing">
<w:body>
    <w:bookmarkStart w:id="16" w:name="benjamin-stein" />
    <w:p><w:pPr><w:pStyle w:val="Heading1" /></w:pPr><w:r><w:t xml:space="preserve">Benjamin Stein</w:t></w:r></w:p>
    <w:p><w:pPr><w:pStyle w:val="FirstParagraph" /></w:pPr><w:r><w:t xml:space="preserve">+1 (314)-809-1836 | benjaminsteinstl@gmail.com | St. Louis, MO</w:t></w:r></w:p>
    <w:p><w:r><w:pict><v:rect style="width:0;height:1.5pt" o:hralign="center" o:hrstd="t" o:hr="t" /></w:pict></w:r></w:p>
    <w:bookmarkStart w:id="9" w:name="professional-summary" />
    <w:p><w:pPr><w:pStyle w:val="Heading2" /></w:pPr><w:r><w:t xml:space="preserve">Professional Summary</w:t></w:r></w:p>
    <w:p><w:pPr><w:pStyle w:val="FirstParagraph" /></w:pPr><w:r><w:t xml:space="preserve">Dedicated Clinical Informatics Specialist with over 10 years of experience in managing healthcare information systems, implementing EHR solutions, and providing IT support in clinical settings. Skilled in analyzing EMR data, training clinical staff on system functionalities, and ensuring HIPAA compliance. Proficient in Cerner, Epic, and Meditech with a strong understanding of HL7 standards. Adept at developing training materials, interpreting reports, and maintaining PC infrastructure to optimize clinical workflows.</w:t></w:r></w:p>
    <w:p><w:r><w:pict><v:rect style="width:0;height:1.5pt" o:hralign="center" o:hrstd="t" o:hr="t" /></w:pict></w:r></w:p>
    <w:bookmarkEnd w:id="9" />
    <w:bookmarkStart w:id="10" w:name="work-experience" />
    <w:p><w:pPr><w:pStyle w:val="Heading2" /></w:pPr><w:r><w:t xml:space="preserve">Work Experience</w:t></w:r></w:p>
    <w:p><w:pPr><w:pStyle w:val="FirstParagraph" /></w:pPr><w:r><w:rPr><w:b /><w:bCs /></w:rPr><w:t xml:space="preserve">Clinical Informatics Specialist</w:t></w:r><w:r><w:br /></w:r><w:r><w:t xml:space="preserve">Homer G. Phillips Memorial Hospital, St. Louis, MO</w:t></w:r><w:r><w:br /></w:r><w:r><w:rPr><w:i /><w:iCs /></w:rPr><w:t xml:space="preserve">(Mar 2023 - Present)</w:t></w:r></w:p>
    <w:p><w:pPr><w:pStyle w:val="Compact" /><w:numPr><w:ilvl w:val="0" /><w:numId w:val="1001" /></w:numPr></w:pPr><w:r><w:t xml:space="preserve">Solely responsible for managing all systems and technologies at the hospital, overseeing implementation, maintenance, and training of web-based EHR system (Thrive) and enterprise web browser (Island)</w:t></w:r></w:p>
    <w:p><w:pPr><w:pStyle w:val="Compact" /><w:numPr><w:ilvl w:val="0" /><w:numId w:val="1001" /></w:numPr></w:pPr><w:r><w:t xml:space="preserve">Administered Google Enterprise, Panorama 9, Verkada, SiPass, Zendesk, IT Glue, Chartnote, ensuring seamless operation of IT infrastructure</w:t></w:r></w:p>
    <w:p><w:pPr><w:pStyle w:val="Compact" /><w:numPr><w:ilvl w:val="0" /><w:numId w:val="1001" /></w:numPr></w:pPr><w:r><w:t xml:space="preserve">Conducted onboarding/offboarding procedures for office and clinical users, configured user permissions, and liaised with third-party vendors for system troubleshooting</w:t></w:r></w:p>
    <w:p><w:pPr><w:pStyle w:val="Compact" /><w:numPr><w:ilvl w:val="0" /><w:numId w:val="1001" /></w:numPr></w:pPr><w:r><w:t xml:space="preserve">Generated and modified reports using TruBridge Report Builder to support data-driven decision-making</w:t></w:r></w:p>
    <w:p><w:pPr><w:pStyle w:val="FirstParagraph" /></w:pPr><w:r><w:rPr><w:b /><w:bCs /></w:rPr><w:t xml:space="preserve">Clinical Analyst II</w:t></w:r><w:r><w:br /></w:r><w:r><w:t xml:space="preserve">Shriners Hospital for Children, St. Louis, MO</w:t></w:r><w:r><w:br /></w:r><w:r><w:rPr><w:i /><w:iCs /></w:rPr><w:t xml:space="preserve">(Mar 2018 - Mar 2023)</w:t></w:r></w:p>
    <w:p><w:pPr><w:pStyle w:val="Compact" /><w:numPr><w:ilvl w:val="0" /><w:numId w:val="1002" /></w:numPr></w:pPr><w:r><w:t xml:space="preserve">Led the implementation of new functionalities within the Cerner suite, providing training and access to newly onboarded clinical staff</w:t></w:r></w:p>
    <w:p><w:pPr><w:pStyle w:val="Compact" /><w:numPr><w:ilvl w:val="0" /><w:numId w:val="1002" /></w:numPr></w:pPr><w:r><w:t xml:space="preserve">Designed and interpreted reports using SAP Business Objects and Discern Analytics to enhance operational efficiency</w:t></w:r></w:p>
    <w:p><w:pPr><w:pStyle w:val="Compact" /><w:numPr><w:ilvl w:val="0" /><w:numId w:val="1002" /></w:numPr></w:pPr><w:r><w:t xml:space="preserve">Tracked and resolved ticket issues using ServiceNow, ensuring timely resolution of IT-related concerns</w:t></w:r></w:p>
    <w:p><w:pPr><w:pStyle w:val="Compact" /><w:numPr><w:ilvl w:val="0" /><w:numId w:val="1002" /></w:numPr></w:pPr><w:r><w:t xml:space="preserve">Managed user sessions with Citrix Desktop Director, maintaining a smooth user experience for clinical staff</w:t></w:r></w:p>
    <w:p><w:pPr><w:pStyle w:val="FirstParagraph" /></w:pPr><w:r><w:rPr><w:b /><w:bCs /></w:rPr><w:t xml:space="preserve">Clinical Analyst I</w:t></w:r><w:r><w:br /></w:r><w:r><w:t xml:space="preserve">Advanced ICU Care, St. Louis, MO</w:t></w:r><w:r><w:br /></w:r><w:r><w:rPr><w:i /><w:iCs /></w:rPr><w:t xml:space="preserve">(Apr 2012 - Feb 2015)</w:t></w:r></w:p>
    <w:p><w:pPr><w:pStyle w:val="Compact" /><w:numPr><w:ilvl w:val="0" /><w:numId w:val="1003" /></w:numPr></w:pPr><w:r><w:t xml:space="preserve">Provided 24x7 IT support for clinical staff, troubleshooting hardware, OS, and application issues related to health information systems such as Epic, Meditech, and Mindray</w:t></w:r></w:p>
    <w:p><w:pPr><w:pStyle w:val="Compact" /><w:numPr><w:ilvl w:val="0" /><w:numId w:val="1003" /></w:numPr></w:pPr><w:r><w:t xml:space="preserve">Monitored and maintained health information integration engines like Corepoint and Rapsody/Orion, managing HL7 messages effectively</w:t></w:r></w:p>
    <w:p><w:pPr><w:pStyle w:val="Compact" /><w:numPr><w:ilvl w:val="0" /><w:numId w:val="1003" /></w:numPr></w:pPr><w:r><w:t xml:space="preserve">Conducted remote support for clinical staff in NY and India, configured virtual A/V servers, and ensured seamless eCare integration</w:t></w:r></w:p>
    <w:p><w:r><w:pict><v:rect style="width:0;height:1.5pt" o:hralign="center" o:hrstd="t" o:hr="t" /></w:pict></w:r></w:p>
    <w:bookmarkEnd w:id="10" />
    <w:bookmarkStart w:id="13" w:name="skills" />
    <w:p><w:pPr><w:pStyle w:val="Heading2" /></w:pPr><w:r><w:t xml:space="preserve">Skills</w:t></w:r></w:p>
    <w:bookmarkStart w:id="11" w:name="technical-skills" />
    <w:p><w:pPr><w:pStyle w:val="Heading3" /></w:pPr><w:r><w:t xml:space="preserve">Technical Skills:</w:t></w:r></w:p>
    <w:p><w:pPr><w:pStyle w:val="Compact" /><w:numPr><w:ilvl w:val="0" /><w:numId w:val="1004" /></w:numPr></w:pPr><w:r><w:t xml:space="preserve">EHR Implementation</w:t></w:r></w:p>
    <w:p><w:pPr><w:pStyle w:val="Compact" /><w:numPr><w:ilvl w:val="0" /><w:numId w:val="1004" /></w:numPr></w:pPr><w:r><w:t xml:space="preserve">EMR Analysis</w:t></w:r></w:p>
    <w:p><w:pPr><w:pStyle w:val="Compact" /><w:numPr><w:ilvl w:val="0" /><w:numId w:val="1004" /></w:numPr></w:pPr><w:r><w:t xml:space="preserve">Clinical Informatics</w:t></w:r></w:p>
    <w:p><w:pPr><w:pStyle w:val="Compact" /><w:numPr><w:ilvl w:val="0" /><w:numId w:val="1004" /></w:numPr></w:pPr><w:r><w:t xml:space="preserve">HL7 Standards</w:t></w:r></w:p>
    <w:p><w:pPr><w:pStyle w:val="Compact" /><w:numPr><w:ilvl w:val="0" /><w:numId w:val="1004" /></w:numPr></w:pPr><w:r><w:t xml:space="preserve">Cerner &amp; Epic Systems</w:t></w:r></w:p>
    <w:p><w:pPr><w:pStyle w:val="Compact" /><w:numPr><w:ilvl w:val="0" /><w:numId w:val="1004" /></w:numPr></w:pPr><w:r><w:t xml:space="preserve">Meditech Administration</w:t></w:r></w:p>
    <w:p><w:pPr><w:pStyle w:val="Compact" /><w:numPr><w:ilvl w:val="0" /><w:numId w:val="1004" /></w:numPr></w:pPr><w:r><w:t xml:space="preserve">SAP Business Objects</w:t></w:r></w:p>
    <w:p><w:pPr><w:pStyle w:val="Compact" /><w:numPr><w:ilvl w:val="0" /><w:numId w:val="1004" /></w:numPr></w:pPr><w:r><w:t xml:space="preserve">ServiceNow Ticketing</w:t></w:r></w:p>
    <w:p><w:pPr><w:pStyle w:val="Compact" /><w:numPr><w:ilvl w:val="0" /><w:numId w:val="1004" /></w:numPr></w:pPr><w:r><w:t xml:space="preserve">IT Infrastructure Management</w:t></w:r></w:p>
    <w:bookmarkEnd w:id="11" />
    <w:bookmarkStart w:id="12" w:name="soft-skills" />
    <w:p><w:pPr><w:pStyle w:val="Heading3" /></w:pPr><w:r><w:t xml:space="preserve">Soft Skills:</w:t></w:r></w:p>
    <w:p><w:pPr><w:pStyle w:val="Compact" /><w:numPr><w:ilvl w:val="0" /><w:numId w:val="1005" /></w:numPr></w:pPr><w:r><w:t xml:space="preserve">Training &amp; Development</w:t></w:r></w:p>
    <w:p><w:pPr><w:pStyle w:val="Compact" /><w:numPr><w:ilvl w:val="0" /><w:numId w:val="1005" /></w:numPr></w:pPr><w:r><w:t xml:space="preserve">Problem-Solving</w:t></w:r></w:p>
    <w:p><w:pPr><w:pStyle w:val="Compact" /><w:numPr><w:ilvl w:val="0" /><w:numId w:val="1005" /></w:numPr></w:pPr><w:r><w:t xml:space="preserve">Communication</w:t></w:r></w:p>
    <w:p><w:pPr><w:pStyle w:val="Compact" /><w:numPr><w:ilvl w:val="0" /><w:numId w:val="1005" /></w:numPr></w:pPr><w:r><w:t xml:space="preserve">Team Collaboration</w:t></w:r></w:p>
    <w:p><w:pPr><w:pStyle w:val="Compact" /><w:numPr><w:ilvl w:val="0" /><w:numId w:val="1005" /></w:numPr></w:pPr><w:r><w:t xml:space="preserve">Project Management</w:t></w:r></w:p>
    <w:p><w:pPr><w:pStyle w:val="Compact" /><w:numPr><w:ilvl w:val="0" /><w:numId w:val="1005" /></w:numPr></w:pPr><w:r><w:t xml:space="preserve">HIPAA Compliance</w:t></w:r></w:p>
    <w:p><w:pPr><w:pStyle w:val="Compact" /><w:numPr><w:ilvl w:val="0" /><w:numId w:val="1005" /></w:numPr></w:pPr><w:r><w:t xml:space="preserve">Data Interpretation</w:t></w:r></w:p>
    <w:p><w:r><w:pict><v:rect style="width:0;height:1.5pt" o:hralign="center" o:hrstd="t" o:hr="t" /></w:pict></w:r></w:p>
    <w:bookmarkEnd w:id="12" />
    <w:bookmarkEnd w:id="13" />
    <w:bookmarkStart w:id="14" w:name="education" />
    <w:p><w:pPr><w:pStyle w:val="Heading2" /></w:pPr><w:r><w:t xml:space="preserve">Education</w:t></w:r></w:p>
    <w:p><w:pPr><w:pStyle w:val="FirstParagraph" /></w:pPr><w:r><w:rPr><w:b /><w:bCs /></w:rPr><w:t xml:space="preserve">Ranken Technical College</w:t></w:r><w:r><w:br /></w:r><w:r><w:t xml:space="preserve">Network &amp; Database Administration</w:t></w:r><w:r><w:br /></w:r><w:r><w:rPr><w:i /><w:iCs /></w:rPr><w:t xml:space="preserve">(2010 - 2012)</w:t></w:r></w:p>
    <w:p><w:pPr><w:pStyle w:val="BodyText" /></w:pPr><w:r><w:rPr><w:b /><w:bCs /></w:rPr><w:t xml:space="preserve">St. Louis Community College</w:t></w:r><w:r><w:br /></w:r><w:r><w:t xml:space="preserve">Graphic Communications</w:t></w:r><w:r><w:br /></w:r><w:r><w:rPr><w:i /><w:iCs /></w:rPr><w:t xml:space="preserve">(2002 - 2005)</w:t></w:r></w:p>
    <w:p><w:r><w:pict><v:rect style="width:0;height:1.5pt" o:hralign="center" o:hrstd="t" o:hr="t" /></w:pict></w:r></w:p>
    <w:bookmarkEnd w:id="14" />
    <w:bookmarkStart w:id="15" w:name="certifications" />
    <w:p><w:pPr><w:pStyle w:val="Heading2" /></w:pPr><w:r><w:t xml:space="preserve">Certifications</w:t></w:r></w:p>
    <w:p><w:pPr><w:pStyle w:val="Compact" /><w:numPr><w:ilvl w:val="0" /><w:numId w:val="1006" /></w:numPr></w:pPr><w:r><w:t xml:space="preserve">M.C.T.S - Windows XP</w:t></w:r></w:p>
    <w:p><w:pPr><w:pStyle w:val="Compact" /><w:numPr><w:ilvl w:val="0" /><w:numId w:val="1006" /></w:numPr></w:pPr><w:r><w:t xml:space="preserve">M.C.T.S - VISTA</w:t></w:r></w:p>
    <w:p><w:pPr><w:pStyle w:val="Compact" /><w:numPr><w:ilvl w:val="0" /><w:numId w:val="1006" /></w:numPr></w:pPr><w:r><w:t xml:space="preserve">M.C.T.S - Server 08 R2</w:t></w:r></w:p>
    <w:p><w:pPr><w:pStyle w:val="Compact" /><w:numPr><w:ilvl w:val="0" /><w:numId w:val="1006" /></w:numPr></w:pPr><w:r><w:t xml:space="preserve">M.C.T.S - Active Directory</w:t></w:r></w:p>
    <w:p><w:pPr><w:pStyle w:val="Compact" /><w:numPr><w:ilvl w:val="0" /><w:numId w:val="1006" /></w:numPr></w:pPr><w:r><w:t xml:space="preserve">M.C.T.S - SQL</w:t></w:r></w:p>
    <w:p><w:pPr><w:pStyle w:val="Compact" /><w:numPr><w:ilvl w:val="0" /><w:numId w:val="1006" /></w:numPr></w:pPr><w:r><w:t xml:space="preserve">CompTIA - A+</w:t></w:r></w:p>
    <w:p><w:pPr><w:pStyle w:val="Compact" /><w:numPr><w:ilvl w:val="0" /><w:numId w:val="1006" /></w:numPr></w:pPr><w:r><w:t xml:space="preserve">Dell Certified Systems Expert</w:t></w:r></w:p>
    <w:p><w:pPr><w:pStyle w:val="Compact" /><w:numPr><w:ilvl w:val="0" /><w:numId w:val="1006" /></w:numPr></w:pPr><w:r><w:t xml:space="preserve">Sony-certified - Laptop Repair</w:t></w:r></w:p>
    <w:p><w:pPr><w:pStyle w:val="Compact" /><w:numPr><w:ilvl w:val="0" /><w:numId w:val="1006" /></w:numPr></w:pPr><w:r><w:t xml:space="preserve">HIPAA Certified</w:t></w:r></w:p>
    <w:p><w:r><w:pict><v:rect style="width:0;height:1.5pt" o:hralign="center" o:hrstd="t" o:hr="t" /></w:pict></w:r></w:p>
    <w:p><w:pPr><w:pStyle w:val="FirstParagraph" /></w:pPr><w:r><w:t xml:space="preserve">References available upon request.</w:t></w:r></w:p>
    <w:p><w:r><w:pict><v:rect style="width:0;height:1.5pt" o:hralign="center" o:hrstd="t" o:hr="t" /></w:pict></w:r></w:p>
    <w:p><w:pPr><w:pStyle w:val="FirstParagraph" /></w:pPr><w:r><w:t xml:space="preserve">This professionally crafted resume showcases your extensive experience and expertise as a Clinical Informatics Specialist, optimizing it for both Applicant Tracking Systems and hiring managers in the healthcare industry.</w:t></w:r></w:p>
    <w:bookmarkEnd w:id="15" />
    <w:bookmarkEnd w:id="16" />
    <w:sectPr>
      <w:footnotePr>
        
                
                        
                
        <w:numRestart w:val="eachSect" />
        
                
                      
              
      </w:footnotePr>
    </w:sectPr>
  </w:body>
</w:document>
