{
  "primary": "#00A99D",
  "secondary": "#FFFFFF",
  "accent": "#333333",
  "background": "#FFFFFF",
  "text": "#000000",
  "textSecondary": "#333333",
  "border": "#000000",
  "success": "#FFD700",
  "warning": "#FF6347",
  "error": "#DC143C",
  "info": "#1E90FF",
  "colorTheory": {
    "description": "The color palette is designed to convey professionalism and modernity while maintaining readability and accessibility.",
    "mood": "The colors evoke a sense of sophistication, trustworthiness, and creativity.",
    "accessibility": "The palette ensures adequate color contrast for text readability and meets WCAG AA guidelines.",
    "colorRelationships": "The primary accent color, #00A99D, stands out against the light background #FFFFFF. The secondary color, #FFFFFF, complements the primary color and enhances text readability. The accent color, #333333, adds depth and visual interest to the palette."
  },
  "allColors": [
    "#000000",
    "#00A99D",
    "#333333",
    "#FFFFFF"
  ],
  "dropdownBackground": "#333333"
}