{
  "primary": "#66BBcc",
  "secondary": "#444444",
  "accent": "#ccdddd",
  "background": "#111111",
  "text": "#FFFFFF",
  "textSecondary": "#000000",
  "border": "#884400",
  "success": "#777722",
  "warning": "#783893",
  "error": "#000aaa",
  "info": "#000000",
  "colorTheory": {
    "description": "A color theme strictly using only the colors extracted from the PDF: #66BBcc, #ccdddd, #783893, #777722, #444444, #884400, #000000, #000aaa, #111111. Following Derrida's philosophy of deconstruction, we've preserved the original colors without introducing external elements.",
    "harmony": "The theme establishes clear binary oppositions between primary and secondary elements, accentuating the contrast and visibility.",
    "contrast": "Binary oppositions between text (#000000) and background (#111111) create meaningful contrast that emphasizes legibility and guides the user's attention. Primary (#66BBcc) and secondary (#444444) colors establish a clear hierarchy of interactive elements.",
    "accessibility": "The color choices prioritize visibility and legibility, ensuring that content is easily readable and interactive elements are distinct."
  },
  "allColors": [
    "#66BBcc",
    "#ccdddd",
    "#783893",
    "#777722",
    "#444444",
    "#884400",
    "#000000",
    "#000aaa",
    "#111111"
  ]
}