{
  "heading": "d3_f1, Arial, sans-serif",
  "body": "d3_f2, Georgia, serif",
  "mono": "d3_f2, 'Courier New', monospace",
  "title": "d3_f1",
  "subtitle": "d3_f2",
  "button": "d3_f1",
  "nav": "d3_f2",
  "code": "d3_f2",
  "fontTheory": {
    "description": "A typography system strictly using only the fonts extracted from the PDF: d3_f1, d3_f2, d3_f3. Following Derrida's philosophy of deconstruction, we've preserved the original typography without introducing external elements.",
    "readability": "The chosen fonts are sans-serif and of normal weight, ensuring good readability for both headings and body text.",
    "hierarchy": "The hierarchy is established through font size, weight, and styling rather than font variations. Headings are distinguished by font 'd3_f1' and larger sizes.",
    "fontPairings": "Font pairings are consistent throughout the design, maintaining a cohesive visual identity using the limited font options available."
  },
  "allFonts": [
    "d3_f1",
    "d3_f2",
    "d3_f3"
  ],
  "extractedFonts": {
    "d3_f1": {
      "name": "d3_f1",
      "type": "Unknown",
      "subtype": "Unknown",
      "encoding": "Unknown",
      "isMonospace": false,
      "isSerifFont": false,
      "isSansSerif": false,
      "isSymbolicFont": false,
      "weight": "normal",
      "italic": false,
      "pages": [
        1
      ],
      "usage": "text",
      "fontSize": 0,
      "samples": [
        "Homer G. Phillips Memorial Hospital",
        "1320 N Jefferson Ave, St. Louis, MO 63106",
        "MAR 2023 - Current",
        "Shriners Hospital for Children",
        "4400 Clayton Ave, St. Louis, MO 6311"
      ]
    },
    "d3_f2": {
      "name": "d3_f2",
      "type": "Unknown",
      "subtype": "Unknown",
      "encoding": "Unknown",
      "isMonospace": false,
      "isSerifFont": false,
      "isSansSerif": false,
      "isSymbolicFont": false,
      "weight": "normal",
      "italic": false,
      "pages": [
        1
      ],
      "usage": "text",
      "fontSize": 0,
      "samples": [
        "",
        "Clinical Informatics Specialist",
        "Clinical Analyst II",
        "Clinical Analyst I",
        "Experience extended:"
      ]
    },
    "d3_f3": {
      "name": "d3_f3",
      "type": "Unknown",
      "subtype": "Unknown",
      "encoding": "Unknown",
      "isMonospace": false,
      "isSerifFont": false,
      "isSansSerif": false,
      "isSymbolicFont": false,
      "weight": "normal",
      "italic": false,
      "pages": [
        1
      ],
      "usage": "text",
      "fontSize": 0,
      "samples": [
        "",
        "Network, Interfaces, PC’s, Hardware, and Web Ap",
        "WO",
        "M.C.T.S - Windows Xp",
        "Maintain an active maintenance schedule of all PC’"
      ]
    }
  },
  "extractedRoles": {
    "heading": "d3_f1",
    "body": "d3_f2",
    "mono": null
  }
}