{
  "heading": "Arial, sans-serif",
  "body": "Georgia, serif",
  "mono": "Courier New, monospace",
  "title": "Arial, sans-serif",
  "subtitle": "Arial, sans-serif",
  "button": "Helvetica, sans-serif",
  "nav": "Verdana, sans-serif",
  "code": "Consolas, monospace",
  "fontTheory": {
    "description": "The typography system aims to balance professionalism and readability for a resume/CV.",
    "readability": "Serif body text enhances readability, while sans-serif headings provide a modern touch. Monospace font ensures clear legibility for technical content.",
    "hierarchy": "Clear hierarchy established through font weights and sizes. Headings are bold and larger, body text is regular, and titles/subtitles are slightly larger than body text.",
    "fontPairings": "Arial headings complement Georgia body text, offering a balance of modernity and traditional readability. Consolas monospace font contrasts well with the main text fonts."
  },
  "allFonts": []
}