{
  "name": "PDF-Extracted Theme",
  "version": "1.0.0",
  "description": "A unified style theme extracted from PDF",
  "colors": {
    "primary": "#66BBcc",
    "secondary": "#444444",
    "accent": "#ccdddd",
    "background": "#111111",
    "text": "#FFFFFF",
    "textSecondary": "#000000",
    "border": "#884400",
    "success": "#777722",
    "warning": "#783893",
    "error": "#000aaa",
    "info": "#000000"
  },
  "typography": {
    "heading": "d3_f1, Arial, sans-serif",
    "body": "d3_f2, Georgia, serif",
    "mono": "d3_f2, 'Courier New', monospace",
    "title": "d3_f1",
    "subtitle": "d3_f2",
    "button": "d3_f1",
    "nav": "d3_f2",
    "code": "d3_f2"
  },
  "spacing": {
    "unit": "rem",
    "scale": [
      0,
      0.25,
      0.5,
      1,
      1.5,
      2,
      3,
      4,
      6,
      8
    ]
  },
  "breakpoints": {
    "sm": "640px",
    "md": "768px",
    "lg": "1024px",
    "xl": "1280px"
  },
  "components": {
    "button": {
      "borderRadius": "0.25rem",
      "fontFamily": "var(--pdf-button-font)",
      "backgroundColor": "var(--pdf-primary-color)",
      "textColor": "var(--pdf-background-color)"
    },
    "card": {
      "borderRadius": "0.5rem",
      "backgroundColor": "var(--pdf-background-color)",
      "borderColor": "var(--pdf-border-color)"
    },
    "input": {
      "borderRadius": "0.25rem",
      "borderColor": "var(--pdf-border-color)",
      "backgroundColor": "var(--pdf-background-color)"
    }
  }
}