{
  "name": "Benjamin Stein",
  "firstName": "Benjamin",
  "lastName": "Stein",
  "fullName": "Benjamin Stein",
  "filePrefix": "benjaminstein",
  "resumeFileName": "benjaminstein_resume",
  "introductionFileName": "benjaminstein_introduction",
  "email": "benjaminsteinstl@gmail.com",
  "phone": "+1 (314)-809-1836",
  "location": " Louis, MO",
  "title": "Clinical Informatics Specialist",
  "skills": [
    "analysis",
    "ehr",
    "emr",
    "clinical informatics",
    "management",
    "epic",
    "cerner",
    "meditech",
    "hipaa",
    "hl7"
  ],
  "industry": "healthcare",
  "keywords": [
    "hipaa",
    "clinical informatics",
    "management",
    "training"
  ],
  "extractionDate": "2025-06-07T23:59:08.022Z"
}