{
  "dev": {
    "awscloudformation": {
      "AuthRoleName": "amplify-alexai-dev-authRole",
      "UnauthRoleName": "amplify-alexai-dev-unauthRole",
      "AuthRoleArn": "arn:aws:iam::*:role/amplify-alexai-dev-authRole",
      "UnauthRoleArn": "arn:aws:iam::*:role/amplify-alexai-dev-unauthRole",
      "Region": "us-east-1"
    }
  },
  "prod": {
    "awscloudformation": {
      "AuthRoleName": "amplify-alexai-prod-authRole",
      "UnauthRoleName": "amplify-alexai-prod-unauthRole",
      "AuthRoleArn": "arn:aws:iam::*:role/amplify-alexai-prod-authRole",
      "UnauthRoleArn": "arn:aws:iam::*:role/amplify-alexai-prod-unauthRole",
      "Region": "us-east-1"
    }
  },
  "fix-download-test": {
    "awscloudformation": {
      "AuthRoleName": "amplify-alexai-fixdownloadtest-authRole",
      "UnauthRoleName": "amplify-alexai-fixdownloadtest-unauthRole",
      "AuthRoleArn": "arn:aws:iam::*:role/amplify-alexai-fixdownloadtest-authRole",
      "UnauthRoleArn": "arn:aws:iam::*:role/amplify-alexai-fixdownloadtest-unauthRole",
      "Region": "us-east-1"
    }
  }
}
