{
  "version": "1",
  "cognitoConfig": {
    "identityPoolName": "testAuthIdentityPool",
    "allowUnauthenticatedIdentities": true,
    "resourceNameTruncated": "resume5adefb14",
    "userPoolName": "resumebuilder",
    "autoVerifiedAttributes": [
      "email"
    ],
    "mfaConfiguration": "OFF",
    "mfaTypes": [
      "SMS Text Message"
    ],
    "smsAuthenticationMessage": "Your authentication code is {####}",
    "smsVerificationMessage": "Your verification code is {####}",
    "emailVerificationSubject": "Resume Builder Verification code: {####}",
    "emailVerificationMessage": "Your Verification code: {####}",
    "defaultPasswordPolicy": false,
    "passwordPolicyMinLength": 8,
    "passwordPolicyCharacters": [
      "Requires Lowercase",
      "Requires Numbers",
      "Requires Symbols",
      "Requires Uppercase"
    ],
    "requiredAttributes": [
      "email",
      "name"
    ],
    "aliasAttributes": [],
    "userpoolClientGenerateSecret": false,
    "userpoolClientRefreshTokenValidity": 30,
    "userpoolClientWriteAttributes": [],
    "userpoolClientReadAttributes": [],
    "userpoolClientLambdaRole": "resume5adefb14_userpoolclient_lambda_role",
    "userpoolClientSetAttributes": false,
    "sharedId": "5adefb14",
    "resourceName": "resumebuilder",
    "authSelections": "identityPoolAndUserPool",
    "serviceName": "Cognito",
    "usernameAttributes": [
      "email"
    ],
    "useDefault": "manual",
    "userPoolGroups": false,
    "userPoolGroupList": [],
    "adminQueries": false,
    "thirdPartyAuth": false,
    "authProviders": [],
    "usernameCaseSensitive": false,
    "useEnabledMfas": true,
    "authRoleArn": {
      "Fn::GetAtt": [
        "AuthRole",
        "Arn"
      ]
    },
    "unauthRoleArn": {
      "Fn::GetAtt": [
        "UnauthRole",
        "Arn"
      ]
    },
    "breakCircularDependency": true,
    "dependsOn": []
  }
}