{
  "api": {
    "resumebuilder": {
      "dependsOn": [],
      "output": {
        "authConfig": {
          "additionalAuthenticationProviders": [
            {
              "authenticationType": "AWS_IAM"
            }
          ],
          "defaultAuthentication": {
            "apiKeyConfig": {
              "apiKeyExpirationDays": 30,
              "description": "api key description"
            },
            "authenticationType": "API_KEY"
          }
        }
      },
      "providerPlugin": "awscloudformation",
      "service": "AppSync"
    }
  },
  "auth": {
    "resumebuilder": {
      "customAuth": false,
      "dependsOn": [],
      "frontendAuthConfig": {
        "mfaConfiguration": "OFF",
        "mfaTypes": [
          "SMS"
        ],
        "passwordProtectionSettings": {
          "passwordPolicyCharacters": [
            "REQUIRES_LOWERCASE",
            "REQUIRES_NUMBERS",
            "REQUIRES_SYMBOLS",
            "REQUIRES_UPPERCASE"
          ],
          "passwordPolicyMinLength": 8
        },
        "signupAttributes": [
          "EMAIL",
          "NAME"
        ],
        "socialProviders": [],
        "usernameAttributes": [
          "EMAIL"
        ],
        "verificationMechanisms": [
          "EMAIL"
        ]
      },
      "providerPlugin": "awscloudformation",
      "service": "Cognito"
    }
  },
  "function": {
    "openAI": {
      "build": true,
      "providerPlugin": "awscloudformation",
      "service": "Lambda"
    },
    "populateData": {
      "build": true,
      "providerPlugin": "awscloudformation",
      "service": "Lambda"
    }
  },
  "parameters": {
    "AMPLIFY_function_openAI_deploymentBucketName": {
      "usedBy": [
        {
          "category": "function",
          "resourceName": "openAI"
        }
      ]
    },
    "AMPLIFY_function_openAI_s3Key": {
      "usedBy": [
        {
          "category": "function",
          "resourceName": "openAI"
        }
      ]
    },
    "AMPLIFY_function_populateData_deploymentBucketName": {
      "usedBy": [
        {
          "category": "function",
          "resourceName": "populateData"
        }
      ]
    },
    "AMPLIFY_function_populateData_s3Key": {
      "usedBy": [
        {
          "category": "function",
          "resourceName": "populateData"
        }
      ]
    }
  },
  "storage": {
    "s3resumebuilderstorage1a319798": {
      "dependsOn": [],
      "providerPlugin": "awscloudformation",
      "service": "S3"
    }
  }
}